-- phpMyAdmin SQL Dump
-- version 4.0.4
-- http://www.phpmyadmin.net
--
-- Host: localhost
-- Generation Time: Aug 16, 2016 at 03:45 AM
-- Server version: 5.6.12-log
-- PHP Version: 5.4.12

SET SQL_MODE = "NO_AUTO_VALUE_ON_ZERO";
SET time_zone = "+00:00";


/*!40101 SET @OLD_CHARACTER_SET_CLIENT=@@CHARACTER_SET_CLIENT */;
/*!40101 SET @OLD_CHARACTER_SET_RESULTS=@@CHARACTER_SET_RESULTS */;
/*!40101 SET @OLD_COLLATION_CONNECTION=@@COLLATION_CONNECTION */;
/*!40101 SET NAMES utf8 */;

--
-- Database: `test`
--
CREATE DATABASE IF NOT EXISTS `test` DEFAULT CHARACTER SET latin1 COLLATE latin1_swedish_ci;
USE `test`;

-- --------------------------------------------------------

--
-- Table structure for table `bat_stat`
--

CREATE TABLE IF NOT EXISTS `bat_stat` (
  `idBat` int(10) unsigned NOT NULL AUTO_INCREMENT,
  `idPlayer` int(11) DEFAULT NULL,
  `Inns` varchar(100) DEFAULT NULL,
  `NOs` varchar(100) DEFAULT NULL,
  `Runs` varchar(100) DEFAULT NULL,
  `HS` varchar(100) DEFAULT NULL,
  `Ave` varchar(100) DEFAULT NULL,
  `BF` varchar(100) DEFAULT NULL,
  `SR` varchar(100) DEFAULT NULL,
  `Hund` varchar(100) DEFAULT NULL,
  `Fift` varchar(100) DEFAULT NULL,
  `Fours` varchar(100) DEFAULT NULL,
  `Sixes` varchar(100) DEFAULT NULL,
  `Ct` varchar(100) DEFAULT NULL,
  `St` varchar(100) DEFAULT NULL,
  PRIMARY KEY (`idBat`),
  KEY `Player_FKIndex1` (`idPlayer`)
) ENGINE=InnoDB  DEFAULT CHARSET=latin1 AUTO_INCREMENT=300 ;

--
-- Dumping data for table `bat_stat`
--

INSERT INTO `bat_stat` (`idBat`, `idPlayer`, `Inns`, `NOs`, `Runs`, `HS`, `Ave`, `BF`, `SR`, `Hund`, `Fift`, `Fours`, `Sixes`, `Ct`, `St`) VALUES
(1, 505120, '1', '0', '9', '9', '9.00', '8', '112.50', '0', '0', '0', '1', '3', '0'),
(2, 501011, '1', '1', '0', '0*', '-', '0', '-', '0', '0', '0', '0', '1', '0'),
(3, 446548, '-', '-', '-', '-', '-', '-', '-', '-', '-', '-', '-', '0', '0'),
(4, 4508, '2', '2', '1', '1*', '-', '1', '100.00', '0', '0', '0', '0', '2', '0'),
(5, 326625, '2', '1', '4', '3', '4.00', '7', '57.14', '0', '0', '0', '0', '0', '0'),
(6, 261354, '7', '2', '51', '16*', '10.20', '43', '118.60', '0', '0', '1', '5', '9', '0'),
(7, 489889, '8', '2', '25', '13', '4.16', '31', '80.64', '0', '0', '1', '1', '3', '0'),
(8, 270484, '14', '6', '141', '41*', '17.62', '125', '112.80', '0', '0', '5', '5', '8', '0'),
(9, 5334, '28', '3', '974', '156', '38.96', '649', '150.07', '1', '6', '101', '42', '7', '0'),
(10, 228622, '6', '2', '46', '15', '11.50', '37', '124.32', '0', '0', '3', '1', '1', '0'),
(11, 288284, '-', '-', '-', '-', '-', '-', '-', '-', '-', '-', '-', '1', '0'),
(12, 530011, '2', '0', '28', '26', '14.00', '24', '116.66', '0', '0', '1', '1', '0', '0'),
(13, 215155, '7', '0', '199', '58', '28.42', '145', '137.24', '0', '1', '29', '3', '4', '0'),
(14, 326637, '4', '1', '65', '33*', '21.66', '48', '135.41', '0', '0', '3', '4', '2', '0'),
(15, 272279, '-', '-', '-', '-', '-', '-', '-', '-', '-', '-', '-', '0', '0'),
(16, 272450, '9', '3', '133', '36', '22.16', '104', '127.88', '0', '0', '6', '8', '2', '0'),
(17, 6683, '15', '1', '255', '47*', '18.21', '248', '102.82', '0', '0', '15', '10', '3', '0'),
(18, 325026, '30', '3', '611', '75', '22.62', '397', '153.90', '0', '2', '55', '31', '17', '0'),
(19, 6973, '4', '3', '22', '10*', '22.00', '10', '220.00', '0', '0', '1', '2', '2', '1'),
(20, 272262, '1', '0', '9', '9', '9.00', '7', '128.57', '0', '0', '0', '0', '2', '0'),
(21, 267192, '25', '5', '431', '90', '21.55', '352', '122.44', '0', '2', '34', '11', '18', '0'),
(22, 311592, '6', '2', '12', '4', '3.00', '18', '66.66', '0', '0', '0', '0', '4', '0'),
(23, 325012, '1', '1', '10', '10*', '-', '8', '125.00', '0', '0', '1', '0', '0', '0'),
(24, 8076, '6', '2', '11', '6', '2.75', '15', '73.33', '0', '0', '0', '1', '3', '0'),
(25, 459508, '2', '1', '4', '4', '4.00', '4', '100.00', '0', '0', '1', '0', '0', '0'),
(26, 230193, '16', '5', '225', '72', '20.45', '195', '115.38', '0', '1', '11', '9', '13', '2'),
(27, 219889, '61', '3', '1633', '90*', '28.15', '1168', '139.81', '0', '12', '154', '74', '30', '0'),
(28, 8180, '56', '6', '1462', '124*', '29.24', '1006', '145.32', '1', '10', '115', '83', '20', '0'),
(29, 8291, '44', '14', '984', '85*', '32.80', '740', '132.97', '0', '5', '71', '44', '23', '0'),
(30, 379504, '2', '2', '7', '5*', '-', '6', '116.66', '0', '0', '0', '0', '0', '0'),
(31, 290632, '-', '-', '-', '-', '-', '-', '-', '-', '-', '-', '-', '0', '0'),
(32, 26421, '10', '6', '112', '31*', '28.00', '108', '103.70', '0', '0', '13', '1', '7', '0'),
(33, 27223, '2', '0', '35', '24', '17.50', '29', '120.68', '0', '0', '2', '1', '0', '0'),
(34, 625383, '2', '1', '0', '0*', '0.00', '2', '0.00', '0', '0', '0', '0', '2', '0'),
(35, 430246, '-', '-', '-', '-', '-', '-', '-', '-', '-', '-', '-', '2', '0'),
(36, 290727, '1', '1', '1', '1*', '-', '2', '50.00', '0', '0', '0', '0', '2', '0'),
(37, 28235, '22', '2', '416', '60', '20.80', '367', '113.35', '0', '2', '49', '12', '5', '0'),
(38, 28081, '62', '32', '1069', '48*', '35.63', '884', '120.92', '0', '0', '73', '32', '40', '21'),
(39, 29264, '13', '5', '108', '21', '13.50', '87', '124.13', '0', '0', '11', '4', '7', '0'),
(40, 234675, '17', '5', '103', '25', '8.58', '116', '88.79', '0', '0', '6', '1', '18', '0'),
(41, 290716, '4', '0', '91', '58', '22.75', '68', '133.82', '0', '1', '9', '2', '1', '0'),
(42, 253802, '40', '12', '1641', '90*', '58.60', '1214', '135.17', '0', '16', '173', '32', '20', '0'),
(43, 277955, '1', '1', '1', '1*', '-', '1', '100.00', '0', '0', '0', '0', '0', '0'),
(44, 326016, '4', '2', '15', '9', '7.50', '15', '100.00', '0', '0', '0', '0', '3', '0'),
(45, 398506, '3', '1', '87', '52*', '43.50', '73', '119.17', '0', '1', '11', '1', '1', '0'),
(46, 530773, '-', '-', '-', '-', '-', '-', '-', '-', '-', '-', '-', '2', '0'),
(47, 31820, '5', '0', '28', '22', '5.60', '39', '71.79', '0', '0', '1', '2', '4', '0'),
(48, 290630, '4', '0', '67', '48', '16.75', '58', '115.51', '0', '0', '2', '4', '1', '0'),
(49, 625371, '7', '0', '78', '31', '11.14', '56', '139.28', '0', '0', '7', '4', '10', '0'),
(50, 554691, '5', '2', '62', '20*', '20.66', '50', '124.00', '0', '0', '2', '3', '4', '0'),
(51, 277916, '18', '1', '364', '61', '21.41', '320', '113.75', '0', '1', '31', '6', '15', '0'),
(52, 422108, '3', '1', '69', '47*', '34.50', '61', '113.11', '0', '0', '5', '3', '1', '0'),
(53, 33335, '52', '11', '1203', '101', '29.34', '905', '132.92', '1', '3', '110', '41', '28', '0'),
(54, 33141, '5', '1', '42', '20', '10.50', '50', '84.00', '0', '0', '5', '0', '4', '0'),
(55, 537119, '2', '2', '3', '3*', '-', '7', '42.85', '0', '0', '0', '0', '1', '0'),
(56, 34102, '53', '11', '1292', '106', '30.76', '1018', '126.91', '1', '10', '116', '46', '22', '0'),
(57, 537126, '-', '-', '-', '-', '-', '-', '-', '-', '-', '-', '-', '0', '0'),
(58, 390484, '-', '-', '-', '-', '-', '-', '-', '-', '-', '-', '-', '0', '0'),
(59, 35582, '12', '2', '249', '50', '24.90', '211', '118.00', '0', '1', '26', '6', '2', '0'),
(60, 36084, '48', '9', '1134', '77*', '29.07', '828', '136.95', '0', '8', '75', '71', '12', '0'),
(61, 8917, '16', '3', '186', '72*', '14.30', '159', '116.98', '0', '1', '19', '6', '5', '0'),
(62, 297433, '15', '4', '195', '60*', '17.72', '181', '107.73', '0', '1', '16', '5', '23', '0'),
(63, 9062, '8', '1', '188', '60*', '26.85', '163', '115.33', '0', '1', '23', '2', '4', '0'),
(64, 297628, '6', '0', '99', '53', '16.50', '66', '150.00', '0', '1', '9', '4', '5', '1'),
(65, 10582, '35', '10', '711', '65*', '28.44', '599', '118.69', '0', '3', '54', '17', '7', '0'),
(66, 9310, '22', '9', '216', '47*', '16.61', '170', '127.05', '0', '0', '16', '6', '10', '0'),
(67, 10617, '26', '10', '118', '18*', '7.37', '118', '100.00', '0', '0', '7', '3', '21', '0'),
(68, 308967, '43', '11', '912', '73*', '28.50', '647', '140.95', '0', '5', '65', '43', '14', '3'),
(69, 10656, '1', '0', '7', '7', '7.00', '7', '100.00', '0', '0', '1', '0', '1', '0'),
(70, 211855, '-', '-', '-', '-', '-', '-', '-', '-', '-', '-', '-', '1', '0'),
(71, 12461, '7', '2', '24', '12', '4.80', '21', '114.28', '0', '0', '3', '0', '8', '0'),
(72, 210283, '3', '3', '14', '8*', '-', '19', '73.68', '0', '0', '1', '0', '6', '0'),
(73, 244639, '-', '-', '-', '-', '-', '-', '-', '-', '-', '-', '-', '0', '0'),
(74, 249866, '44', '5', '1220', '116*', '31.28', '913', '133.62', '1', '7', '130', '37', '24', '0'),
(75, 288992, '12', '4', '128', '27*', '16.00', '110', '116.36', '0', '0', '11', '5', '10', '0'),
(76, 16406, '27', '1', '552', '63', '21.23', '413', '133.65', '0', '3', '64', '21', '8', '0'),
(77, 459257, '-', '-', '-', '-', '-', '-', '-', '-', '-', '-', '-', '1', '0'),
(78, 24598, '62', '13', '1446', '85*', '29.51', '1099', '131.57', '0', '7', '113', '62', '28', '0'),
(79, 215058, '1', '0', '1', '1', '1.00', '1', '100.00', '0', '0', '0', '0', '2', '0'),
(80, 19264, '2', '0', '5', '4', '2.50', '6', '83.33', '0', '0', '0', '0', '2', '0'),
(81, 244497, '8', '5', '28', '9*', '9.33', '37', '75.67', '0', '0', '1', '0', '5', '0'),
(82, 303669, '18', '3', '594', '90*', '39.60', '428', '138.78', '0', '4', '64', '14', '12', '0'),
(83, 298438, '15', '0', '287', '78', '19.13', '219', '131.05', '0', '1', '28', '12', '2', '0'),
(84, 311158, '14', '4', '142', '31', '14.20', '95', '149.47', '0', '0', '14', '6', '7', '0'),
(85, 461632, '1', '1', '1', '1*', '-', '2', '50.00', '0', '0', '0', '0', '1', '0'),
(86, 21646, '6', '3', '32', '22', '10.66', '20', '160.00', '0', '0', '4', '1', '2', '0'),
(87, 296597, '5', '0', '163', '46', '32.60', '137', '118.97', '0', '0', '18', '4', '0', '0'),
(88, 308251, '7', '3', '61', '21', '15.25', '47', '129.78', '0', '0', '1', '5', '6', '0'),
(89, 247235, '7', '4', '91', '37', '30.33', '63', '144.44', '0', '0', '4', '5', '1', '0'),
(90, 351588, '-', '-', '-', '-', '-', '-', '-', '-', '-', '-', '-', '0', '0'),
(91, 434429, '-', '-', '-', '-', '-', '-', '-', '-', '-', '-', '-', '0', '0'),
(92, 259410, '44', '2', '1049', '111*', '24.97', '917', '114.39', '1', '5', '116', '24', '14', '0'),
(93, 232491, '11', '4', '109', '46', '15.57', '77', '141.55', '0', '0', '6', '6', '5', '0'),
(94, 343305, '4', '2', '23', '13*', '11.50', '14', '164.28', '0', '0', '2', '1', '1', '0'),
(95, 318788, '4', '1', '45', '30*', '15.00', '49', '91.83', '0', '0', '1', '1', '1', '0'),
(96, 480603, '1', '1', '0', '0*', '-', '0', '-', '0', '0', '0', '0', '0', '0'),
(97, 227758, '9', '4', '86', '24*', '17.20', '55', '156.36', '0', '0', '6', '4', '3', '0'),
(98, 783423, '1', '0', '0', '0', '0.00', '1', '0.00', '0', '0', '0', '0', '3', '0'),
(99, 41046, '9', '0', '83', '46', '9.22', '99', '83.83', '0', '0', '7', '2', '2', '0'),
(100, 41140, '3', '0', '11', '10', '3.66', '27', '40.74', '0', '0', '1', '0', '0', '0'),
(101, 290948, '8', '3', '41', '21*', '8.20', '51', '80.39', '0', '0', '1', '2', '4', '0'),
(102, 41434, '75', '4', '1614', '86', '22.73', '1403', '115.03', '0', '9', '175', '39', '21', '0'),
(103, 429981, '4', '4', '4', '2*', '-', '8', '50.00', '0', '0', '0', '0', '1', '0'),
(104, 348148, '-', '-', '-', '-', '-', '-', '-', '-', '-', '-', '-', '1', '0'),
(105, 323389, '7', '1', '106', '33*', '17.66', '109', '97.24', '0', '0', '9', '1', '2', '1'),
(106, 41324, '4', '3', '21', '8', '21.00', '30', '70.00', '0', '0', '2', '0', '3', '0'),
(107, 556916, '6', '0', '192', '83', '32.00', '134', '143.28', '0', '2', '23', '5', '2', '0'),
(108, 788879, '1', '0', '18', '18', '18.00', '10', '180.00', '0', '0', '2', '1', '0', '0'),
(109, 42439, '3', '0', '39', '23', '13.00', '45', '86.66', '0', '0', '4', '0', '0', '0'),
(110, 317248, '2', '0', '44', '25', '22.00', '53', '83.01', '0', '0', '0', '1', '1', '0'),
(111, 42699, '23', '12', '91', '21*', '8.27', '86', '105.81', '0', '0', '7', '2', '12', '0'),
(112, 227760, '15', '5', '291', '76*', '29.10', '242', '120.24', '0', '2', '30', '4', '9', '2'),
(113, 42639, '90', '12', '1405', '54*', '18.01', '932', '150.75', '0', '4', '102', '73', '30', '0'),
(114, 227762, '11', '0', '266', '50', '24.18', '190', '140.00', '0', '1', '36', '9', '4', '0'),
(115, 42657, '74', '19', '1468', '75', '26.69', '1297', '113.18', '0', '5', '124', '30', '31', '0'),
(116, 43266, '18', '2', '221', '37', '13.81', '201', '109.95', '0', '0', '15', '8', '4', '0'),
(117, 43265, '23', '7', '190', '41', '11.87', '158', '120.25', '0', '0', '15', '9', '7', '0'),
(118, 317273, '76', '13', '1689', '94', '26.80', '1374', '122.92', '0', '8', '122', '55', '45', '2'),
(119, 43524, '27', '9', '165', '32', '9.16', '156', '105.76', '0', '0', '11', '10', '18', '0'),
(120, 43590, '12', '4', '101', '30*', '12.62', '95', '106.31', '0', '0', '8', '3', '4', '0'),
(121, 297583, '6', '4', '23', '9*', '11.50', '20', '115.00', '0', '0', '2', '0', '7', '0'),
(122, 43906, '37', '5', '1008', '97*', '31.50', '781', '129.06', '0', '5', '113', '21', '15', '0'),
(123, 44410, '17', '7', '232', '36', '23.20', '203', '114.28', '0', '0', '18', '5', '7', '0'),
(124, 44752, '9', '0', '161', '68', '17.88', '134', '120.14', '0', '2', '18', '4', '0', '0'),
(125, 379143, '29', '4', '742', '52', '29.68', '578', '128.37', '0', '1', '88', '23', '27', '9'),
(126, 393279, '-', '-', '-', '-', '-', '-', '-', '-', '-', '-', '-', '1', '0'),
(127, 44936, '68', '10', '1368', '79*', '23.58', '1037', '131.91', '0', '8', '116', '48', '61', '7'),
(128, 44932, '64', '21', '1654', '96*', '38.46', '1338', '123.61', '0', '9', '122', '56', '33', '0'),
(129, 44828, '35', '6', '1093', '119', '37.68', '824', '132.64', '1', '7', '101', '32', '18', '0'),
(130, 379927, '2', '1', '15', '12*', '15.00', '15', '100.00', '0', '0', '0', '1', '0', '0'),
(131, 269280, '5', '0', '121', '49', '24.20', '117', '103.41', '0', '0', '13', '1', '3', '0'),
(132, 40618, '2', '2', '17', '9*', '-', '11', '154.54', '0', '0', '1', '1', '3', '0'),
(133, 45949, '3', '2', '25', '22', '25.00', '10', '250.00', '0', '0', '1', '3', '1', '0'),
(134, 46149, '-', '-', '-', '-', '-', '-', '-', '-', '-', '-', '-', '0', '0'),
(135, 46148, '13', '2', '236', '117*', '21.45', '167', '141.31', '1', '1', '20', '15', '4', '0'),
(136, 46393, '4', '3', '9', '6*', '9.00', '13', '69.23', '0', '0', '0', '0', '3', '0'),
(137, 321777, '39', '13', '789', '53*', '30.34', '581', '135.80', '0', '1', '55', '31', '28', '0'),
(138, 46248, '38', '11', '572', '43', '21.18', '402', '142.28', '0', '0', '29', '39', '17', '0'),
(139, 46538, '5', '3', '16', '8*', '8.00', '13', '123.07', '0', '0', '2', '1', '5', '0'),
(140, 439952, '5', '2', '44', '17*', '14.66', '39', '112.82', '0', '0', '4', '1', '5', '0'),
(141, 46681, '10', '0', '158', '48', '15.80', '109', '144.95', '0', '0', '6', '11', '10', '0'),
(142, 265564, '9', '6', '104', '29*', '34.66', '85', '122.35', '0', '0', '9', '3', '4', '0'),
(143, 46750, '12', '4', '124', '34', '15.50', '113', '109.73', '0', '0', '13', '2', '10', '0'),
(144, 46942, '2', '0', '6', '4', '3.00', '10', '60.00', '0', '0', '0', '0', '0', '0'),
(145, 550215, '2', '2', '5', '5*', '-', '6', '83.33', '0', '0', '0', '0', '2', '0'),
(146, 318845, '14', '3', '327', '78', '29.72', '237', '137.97', '0', '2', '29', '12', '9', '0'),
(147, 47492, '9', '4', '15', '5', '3.00', '20', '75.00', '0', '0', '1', '0', '11', '0'),
(148, 47666, '3', '2', '2', '1*', '2.00', '10', '20.00', '0', '0', '0', '0', '1', '0'),
(149, 47711, '7', '1', '225', '114*', '37.50', '157', '143.31', '1', '1', '19', '14', '5', '1'),
(150, 221140, '11', '4', '92', '28', '13.14', '75', '122.66', '0', '0', '4', '3', '9', '0'),
(151, 277662, '18', '2', '315', '82*', '19.68', '246', '128.04', '0', '1', '22', '14', '14', '0'),
(152, 213674, '1', '0', '1', '1', '1.00', '5', '20.00', '0', '0', '0', '0', '2', '0'),
(153, 277912, '4', '0', '12', '5', '3.00', '22', '54.54', '0', '0', '0', '0', '6', '0'),
(154, 362541, '8', '5', '77', '21*', '25.66', '56', '137.50', '0', '0', '5', '4', '5', '0'),
(155, 36581, '6', '1', '67', '36', '13.40', '61', '109.83', '0', '0', '7', '1', '4', '0'),
(156, 4493, '5', '0', '6', '5', '1.20', '18', '33.33', '0', '0', '1', '0', '3', '0'),
(157, 36948, '4', '0', '111', '59', '27.75', '79', '140.50', '0', '1', '17', '2', '2', '0'),
(158, 44956, '14', '4', '157', '27', '15.70', '149', '105.36', '0', '0', '10', '2', '4', '0'),
(159, 226492, '59', '7', '1806', '101*', '34.73', '1374', '131.44', '1', '10', '169', '76', '35', '0'),
(160, 506612, '2', '1', '10', '10', '10.00', '5', '200.00', '0', '0', '2', '0', '0', '0'),
(161, 388802, '9', '0', '124', '26', '13.77', '121', '102.47', '0', '0', '9', '1', '3', '0'),
(162, 319439, '7', '4', '14', '6*', '4.66', '15', '93.33', '0', '0', '1', '1', '7', '0'),
(163, 37737, '70', '10', '2140', '123', '35.66', '1571', '136.21', '2', '13', '199', '91', '36', '8'),
(164, 37749, '41', '15', '299', '36*', '11.50', '297', '100.67', '0', '0', '19', '8', '26', '0'),
(165, 37740, '19', '7', '137', '33*', '11.41', '123', '111.38', '0', '0', '11', '5', '8', '0'),
(166, 450860, '7', '7', '21', '10*', '-', '23', '91.30', '0', '0', '1', '0', '5', '0'),
(167, 232359, '25', '5', '500', '73*', '25.00', '343', '145.77', '0', '3', '34', '31', '6', '0'),
(168, 355269, '10', '3', '102', '28', '14.57', '76', '134.21', '0', '0', '12', '3', '6', '0'),
(169, 539511, '1', '0', '7', '7', '7.00', '11', '63.63', '0', '0', '1', '0', '0', '0'),
(170, 38058, '19', '0', '327', '58', '17.21', '296', '110.47', '0', '2', '33', '11', '5', '0'),
(171, 7502, '23', '6', '359', '51*', '21.11', '252', '142.46', '0', '1', '30', '14', '23', '5'),
(172, 38373, '21', '1', '457', '62', '22.85', '358', '127.65', '0', '3', '47', '18', '7', '0'),
(173, 502714, '7', '1', '40', '18', '6.66', '47', '85.10', '0', '0', '3', '0', '4', '0'),
(174, 559066, '1', '1', '0', '0*', '-', '0', '-', '0', '0', '0', '0', '3', '0'),
(175, 232364, '15', '5', '75', '23', '7.50', '69', '108.69', '0', '0', '6', '3', '16', '0'),
(176, 38699, '65', '13', '1256', '63', '24.15', '1046', '120.07', '0', '5', '83', '48', '42', '0'),
(177, 38710, '22', '6', '205', '38', '12.81', '190', '107.89', '0', '0', '14', '2', '9', '0'),
(178, 38924, '4', '0', '38', '22', '9.50', '58', '65.51', '0', '0', '3', '0', '3', '0'),
(179, 277906, '33', '5', '967', '72*', '34.53', '778', '124.29', '0', '5', '115', '12', '19', '0'),
(180, 277911, '2', '0', '90', '62', '45.00', '64', '140.62', '0', '1', '6', '5', '1', '0'),
(181, 362079, '1', '1', '2', '2*', '-', '4', '50.00', '0', '0', '0', '0', '0', '0'),
(182, 552152, '7', '6', '16', '9*', '16.00', '20', '80.00', '0', '0', '1', '0', '5', '0'),
(183, 300628, '37', '1', '625', '58', '17.36', '611', '102.29', '0', '3', '58', '14', '24', '2'),
(184, 429754, '2', '0', '5', '4', '2.50', '5', '100.00', '0', '0', '1', '0', '1', '0'),
(185, 48472, '77', '12', '1884', '104*', '28.98', '1561', '120.69', '1', '13', '222', '33', '31', '2'),
(186, 324358, '1', '0', '0', '0', '0.00', '1', '0.00', '0', '0', '0', '0', '0', '0'),
(187, 48835, '7', '2', '25', '21', '5.00', '27', '92.59', '0', '0', '4', '0', '3', '0'),
(188, 360456, '1', '0', '4', '4', '4.00', '12', '33.33', '0', '0', '0', '0', '0', '0'),
(189, 345821, '5', '0', '91', '46', '18.20', '76', '119.73', '0', '0', '8', '3', '2', '0'),
(190, 49178, '6', '3', '8', '3', '2.66', '12', '66.66', '0', '0', '0', '0', '0', '0'),
(191, 422965, '10', '0', '157', '40', '15.70', '141', '111.34', '0', '0', '11', '7', '2', '0'),
(192, 209457, '32', '6', '554', '48*', '21.30', '474', '116.87', '0', '0', '44', '21', '13', '0'),
(193, 49535, '26', '6', '193', '31', '9.65', '163', '118.40', '0', '0', '11', '7', '17', '0'),
(194, 49619, '2', '1', '1', '1*', '1.00', '2', '50.00', '0', '0', '0', '0', '2', '0'),
(195, 49638, '5', '1', '33', '13*', '8.25', '43', '76.74', '0', '0', '0', '1', '2', '0'),
(196, 49758, '18', '7', '71', '27', '6.45', '87', '81.60', '0', '0', '3', '3', '16', '0'),
(197, 49764, '52', '17', '987', '81*', '28.20', '820', '120.36', '0', '4', '65', '32', '21', '0'),
(198, 629074, '1', '0', '21', '21', '21.00', '16', '131.25', '0', '0', '0', '1', '0', '0'),
(199, 300631, '23', '0', '609', '84', '26.47', '463', '131.53', '0', '5', '61', '23', '7', '1'),
(200, 233514, '43', '17', '616', '49', '23.69', '423', '145.62', '0', '0', '49', '29', '15', '0'),
(201, 268740, '7', '2', '45', '21', '9.00', '35', '128.57', '0', '0', '4', '2', '1', '0'),
(202, 499594, '1', '1', '3', '3*', '-', '7', '42.85', '0', '0', '0', '0', '0', '0'),
(203, 394871, '1', '0', '19', '19', '19.00', '16', '118.75', '0', '0', '1', '1', '0', '0'),
(204, 273439, '10', '4', '43', '17', '7.16', '52', '82.69', '0', '0', '2', '1', '3', '0'),
(205, 437316, '11', '1', '112', '27', '11.20', '113', '99.11', '0', '0', '5', '8', '0', '0'),
(206, 222354, '15', '3', '225', '42', '18.75', '168', '133.92', '0', '0', '14', '10', '4', '0'),
(207, 301236, '20', '2', '291', '44', '16.16', '267', '108.98', '0', '0', '27', '5', '8', '0'),
(208, 328026, '3', '1', '2', '1*', '1.00', '9', '22.22', '0', '0', '0', '0', '1', '0'),
(209, 370040, '5', '4', '15', '8*', '15.00', '17', '88.23', '0', '0', '2', '0', '1', '0'),
(210, 342616, '3', '0', '40', '38', '13.33', '34', '117.64', '0', '0', '7', '0', '1', '0'),
(211, 51433, '6', '4', '26', '14*', '13.00', '38', '68.42', '0', '0', '1', '0', '7', '0'),
(212, 330408, '6', '2', '78', '34*', '19.50', '62', '125.80', '0', '0', '4', '4', '2', '0'),
(213, 51248, '7', '4', '37', '13*', '12.33', '42', '88.09', '0', '0', '5', '1', '10', '0'),
(214, 51436, '1', '1', '17', '17*', '-', '9', '188.88', '0', '0', '0', '2', '0', '0'),
(215, 341593, '2', '1', '6', '6*', '6.00', '6', '100.00', '0', '0', '1', '0', '0', '0'),
(216, 457249, '5', '2', '59', '34*', '19.66', '32', '184.37', '0', '0', '1', '7', '1', '0'),
(217, 51439, '54', '11', '1054', '66*', '24.51', '895', '117.76', '0', '3', '60', '46', '34', '0'),
(218, 277472, '11', '0', '235', '42', '21.36', '210', '111.90', '0', '0', '20', '9', '2', '0'),
(219, 333066, '28', '0', '580', '84', '20.71', '513', '113.06', '0', '3', '71', '17', '9', '2'),
(220, 495551, '1', '0', '0', '0', '0.00', '1', '0.00', '0', '0', '0', '0', '1', '0'),
(221, 51862, '27', '4', '533', '84*', '23.17', '471', '113.16', '0', '5', '37', '26', '17', '1'),
(222, 446101, '-', '-', '-', '-', '-', '-', '-', '-', '-', '-', '-', '1', '0'),
(223, 51880, '47', '4', '1519', '117', '35.32', '1044', '145.49', '2', '13', '130', '98', '14', '0'),
(224, 391485, '1', '0', '2', '2', '2.00', '4', '50.00', '0', '0', '0', '0', '1', '0'),
(225, 431901, '1', '0', '0', '0', '0.00', '7', '0.00', '0', '0', '0', '0', '0', '0'),
(226, 52622, '5', '4', '43', '15*', '43.00', '47', '91.48', '0', '0', '2', '0', '2', '0'),
(227, 230558, '13', '7', '86', '28', '14.33', '64', '134.37', '0', '0', '7', '3', '3', '0'),
(228, 315594, '2', '1', '9', '6*', '9.00', '8', '112.50', '0', '0', '1', '0', '1', '0'),
(229, 230559, '39', '9', '664', '63*', '22.13', '467', '142.18', '0', '2', '50', '36', '21', '0'),
(230, 252932, '1', '0', '12', '12', '12.00', '14', '85.71', '0', '0', '1', '0', '1', '0'),
(231, 52917, '38', '12', '421', '55*', '16.19', '364', '115.65', '0', '1', '39', '8', '32', '19'),
(232, 52912, '6', '5', '12', '8', '12.00', '21', '57.14', '0', '0', '0', '0', '2', '0'),
(233, 276298, '33', '11', '310', '43*', '14.09', '240', '129.16', '0', '0', '24', '15', '10', '0'),
(234, 53115, '50', '16', '534', '42*', '15.70', '359', '148.74', '0', '0', '42', '27', '30', '0'),
(235, 52983, '44', '6', '1133', '85*', '29.81', '939', '120.66', '0', '9', '102', '48', '9', '0'),
(236, 314622, '1', '1', '0', '0*', '-', '0', '-', '0', '0', '0', '0', '1', '0'),
(237, 53116, '35', '4', '843', '82*', '27.19', '720', '117.08', '0', '5', '80', '31', '17', '0'),
(238, 53118, '32', '0', '582', '72', '18.18', '474', '122.78', '0', '3', '62', '31', '8', '0'),
(239, 53191, '10', '5', '53', '16*', '10.60', '50', '106.00', '0', '0', '3', '2', '6', '0'),
(240, 315586, '2', '0', '9', '9', '4.50', '11', '81.81', '0', '0', '0', '1', '1', '0'),
(241, 293831, '5', '0', '18', '13', '3.60', '40', '45.00', '0', '0', '1', '0', '0', '0'),
(242, 425639, '1', '0', '8', '8', '8.00', '7', '114.28', '0', '0', '1', '0', '2', '0'),
(243, 55354, '29', '0', '600', '67', '20.68', '552', '108.69', '0', '5', '71', '11', '8', '0'),
(244, 55343, '46', '8', '789', '54*', '20.76', '543', '145.30', '0', '3', '56', '46', '18', '0'),
(245, 235519, '2', '1', '17', '10', '17.00', '17', '100.00', '0', '0', '1', '0', '0', '0'),
(246, 55329, '12', '2', '127', '30', '12.70', '90', '141.11', '0', '0', '14', '6', '2', '0'),
(247, 55346, '18', '6', '65', '17', '5.41', '93', '69.89', '0', '0', '2', '0', '6', '0'),
(248, 55412, '15', '0', '229', '42', '15.26', '287', '79.79', '0', '0', '21', '2', '8', '0'),
(249, 541224, '7', '0', '60', '34', '8.57', '65', '92.30', '0', '0', '4', '1', '4', '0'),
(250, 235521, '-', '-', '-', '-', '-', '-', '-', '-', '-', '-', '-', '0', '0'),
(251, 453289, '7', '4', '60', '28*', '20.00', '50', '120.00', '0', '0', '4', '3', '1', '0'),
(252, 235524, '10', '4', '86', '23*', '14.33', '83', '103.61', '0', '0', '6', '3', '4', '0'),
(253, 55608, '50', '2', '1413', '93*', '29.43', '1180', '119.74', '0', '10', '131', '51', '16', '0'),
(254, 343529, '5', '1', '18', '9', '4.50', '24', '75.00', '0', '0', '1', '0', '2', '0'),
(255, 571703, '5', '3', '22', '6*', '11.00', '27', '81.48', '0', '0', '2', '0', '0', '0'),
(256, 333000, '7', '2', '120', '35', '24.00', '108', '111.11', '0', '0', '4', '8', '3', '0'),
(257, 55633, '5', '3', '13', '6*', '6.50', '12', '108.33', '0', '0', '0', '1', '3', '0'),
(258, 333001, '5', '1', '18', '12*', '4.50', '24', '75.00', '0', '0', '1', '0', '1', '0'),
(259, 235516, '14', '3', '173', '43', '15.72', '168', '102.97', '0', '0', '11', '8', '7', '3'),
(260, 232444, '1', '1', '0', '0*', '-', '2', '0.00', '0', '0', '0', '0', '1', '0'),
(261, 55705, '5', '4', '23', '17*', '23.00', '17', '135.29', '0', '0', '1', '2', '2', '0'),
(262, 55787, '26', '1', '511', '59', '20.44', '503', '101.59', '0', '1', '52', '11', '12', '0'),
(263, 299572, '25', '0', '341', '59', '13.64', '329', '103.64', '0', '1', '28', '6', '16', '0'),
(264, 55814, '26', '5', '594', '75*', '28.28', '480', '123.75', '0', '5', '52', '17', '10', '1'),
(265, 392945, '4', '2', '15', '11*', '7.50', '22', '68.18', '0', '0', '0', '1', '2', '0'),
(266, 55820, '21', '9', '94', '13*', '7.83', '115', '81.73', '0', '0', '6', '1', '6', '0'),
(267, 235514, '2', '2', '8', '7*', '-', '7', '114.28', '0', '0', '0', '0', '2', '0'),
(268, 55872, '27', '5', '567', '68', '25.77', '414', '136.95', '0', '1', '38', '26', '8', '0'),
(269, 55870, '24', '2', '501', '58*', '22.77', '409', '122.49', '0', '3', '48', '8', '10', '0'),
(270, 56283, '20', '10', '41', '9', '4.10', '74', '55.40', '0', '0', '1', '0', '10', '0'),
(271, 550137, '1', '0', '14', '14', '14.00', '10', '140.00', '0', '0', '1', '1', '0', '0'),
(272, 511532, '5', '3', '7', '5*', '3.50', '12', '58.33', '0', '0', '1', '0', '3', '0'),
(273, 380354, '13', '2', '355', '58', '32.27', '301', '117.94', '0', '1', '38', '12', '2', '0'),
(274, 56268, '6', '3', '34', '10', '11.33', '30', '113.33', '0', '0', '3', '1', '1', '0'),
(275, 280734, '8', '0', '67', '22', '8.37', '89', '75.28', '0', '0', '8', '2', '1', '0'),
(276, 629066, '-', '-', '-', '-', '-', '-', '-', '-', '-', '-', '-', '0', '0'),
(277, 536936, '3', '0', '49', '22', '16.33', '45', '108.88', '0', '0', '3', '1', '3', '0'),
(278, 56025, '46', '10', '686', '64*', '19.05', '593', '115.68', '0', '2', '50', '25', '20', '0'),
(279, 56007, '35', '10', '366', '36', '14.64', '266', '137.59', '0', '0', '27', '23', '9', '0'),
(280, 269237, '8', '0', '85', '47', '10.62', '93', '91.39', '0', '0', '6', '3', '3', '0'),
(281, 537154, '-', '-', '-', '-', '-', '-', '-', '-', '-', '-', '-', '0', '0'),
(282, 373696, '4', '1', '60', '26*', '20.00', '50', '120.00', '0', '0', '5', '2', '1', '0'),
(283, 550133, '1', '0', '15', '15', '15.00', '19', '78.94', '0', '0', '1', '0', '1', '0'),
(284, 269332, '1', '1', '19', '19*', '-', '15', '126.66', '0', '0', '1', '1', '0', '0'),
(285, 56029, '49', '9', '703', '50', '17.57', '627', '112.12', '0', '1', '58', '17', '23', '23'),
(286, 330902, '5', '1', '8', '6', '2.00', '11', '72.72', '0', '0', '0', '1', '2', '0'),
(287, 300618, '24', '4', '370', '50*', '18.50', '326', '113.49', '0', '2', '30', '7', '15', '0'),
(288, 410765, '5', '2', '54', '30*', '18.00', '43', '125.58', '0', '0', '7', '0', '0', '4'),
(289, 300617, '1', '0', '21', '21', '21.00', '22', '95.45', '0', '0', '0', '1', '0', '0'),
(290, 300619, '4', '3', '8', '8*', '8.00', '13', '61.53', '0', '0', '1', '0', '1', '0'),
(291, 373538, '25', '5', '604', '80', '30.20', '502', '120.31', '0', '3', '60', '15', '16', '0'),
(292, 280737, '-', '-', '-', '-', '-', '-', '-', '-', '-', '-', '-', '0', '0'),
(293, 56154, '8', '0', '86', '53', '10.75', '85', '101.17', '0', '1', '12', '1', '2', '0'),
(294, 56143, '54', '8', '1103', '84', '23.97', '901', '122.41', '0', '6', '110', '27', '16', '0'),
(295, 402992, '4', '2', '35', '16*', '17.50', '35', '100.00', '0', '0', '3', '1', '1', '0'),
(296, 444135, '7', '3', '57', '24', '14.25', '59', '96.61', '0', '0', '3', '1', '2', '0'),
(297, 436677, '19', '0', '299', '48', '15.73', '267', '111.98', '0', '0', '35', '9', '12', '0'),
(298, 56194, '52', '5', '1154', '103*', '24.55', '1007', '114.59', '1', '4', '125', '27', '12', '0'),
(299, 538506, '3', '2', '17', '15*', '17.00', '18', '94.44', '0', '0', '1', '1', '1', '0');

-- --------------------------------------------------------

--
-- Table structure for table `bowl_stat`
--

CREATE TABLE IF NOT EXISTS `bowl_stat` (
  `idBowl` int(10) unsigned NOT NULL AUTO_INCREMENT,
  `idPlayer` int(11) DEFAULT NULL,
  `Inns` varchar(100) DEFAULT NULL,
  `Balls` varchar(100) DEFAULT NULL,
  `Runs` varchar(100) DEFAULT NULL,
  `Wkts` varchar(100) DEFAULT NULL,
  `BBI` varchar(100) DEFAULT NULL,
  `BBM` varchar(100) DEFAULT NULL,
  `Ave` varchar(100) DEFAULT NULL,
  `Econ` varchar(100) DEFAULT NULL,
  `SR` varchar(100) DEFAULT NULL,
  `FourW` varchar(100) DEFAULT NULL,
  `FiveW` varchar(100) DEFAULT NULL,
  PRIMARY KEY (`idBowl`),
  KEY `Player_FKIndex1` (`idPlayer`)
) ENGINE=InnoDB  DEFAULT CHARSET=latin1 AUTO_INCREMENT=300 ;

--
-- Dumping data for table `bowl_stat`
--

INSERT INTO `bowl_stat` (`idBowl`, `idPlayer`, `Inns`, `Balls`, `Runs`, `Wkts`, `BBI`, `BBM`, `Ave`, `Econ`, `SR`, `FourW`, `FiveW`) VALUES
(1, 505120, '2', '18', '43', '1', '1/25', '1/25', '43.00', '14.33', '18.0', '0', '0'),
(2, 501011, '-', '-', '-', '-', '-', '-', '-', '-', '-', '-', '-'),
(3, 446548, '2', '42', '64', '0', '-', '-', '-', '9.14', '-', '0', '0'),
(4, 4508, '9', '210', '249', '9', '1/22', '1/22', '27.66', '7.11', '23.3', '0', '0'),
(5, 326625, '7', '138', '152', '8', '2/10', '2/10', '19.00', '6.60', '17.2', '0', '0'),
(6, 261354, '17', '390', '532', '21', '4/31', '4/31', '25.33', '8.18', '18.5', '1', '0'),
(7, 489889, '15', '354', '395', '21', '3/15', '3/15', '18.80', '6.69', '16.8', '0', '0'),
(8, 270484, '19', '401', '548', '27', '5/27', '5/27', '20.29', '8.19', '14.8', '0', '1'),
(9, 5334, '2', '12', '27', '0', '-', '-', '-', '13.50', '-', '0', '0'),
(10, 228622, '8', '162', '224', '5', '3/14', '3/14', '44.80', '8.29', '32.4', '0', '0'),
(11, 288284, '7', '168', '269', '8', '4/30', '4/30', '33.62', '9.60', '21.0', '1', '0'),
(12, 530011, '1', '6', '9', '0', '-', '-', '-', '9.00', '-', '0', '0'),
(13, 215155, '-', '-', '-', '-', '-', '-', '-', '-', '-', '-', '-'),
(14, 326637, '-', '-', '-', '-', '-', '-', '-', '-', '-', '-', '-'),
(15, 272279, '1', '6', '15', '0', '-', '-', '-', '15.00', '-', '0', '0'),
(16, 272450, '7', '102', '145', '4', '1/17', '1/17', '36.25', '8.52', '25.5', '0', '0'),
(17, 6683, '-', '-', '-', '-', '-', '-', '-', '-', '-', '-', '-'),
(18, 325026, '30', '444', '538', '17', '3/13', '3/13', '31.64', '7.27', '26.1', '0', '0'),
(19, 6973, '-', '-', '-', '-', '-', '-', '-', '-', '-', '-', '-'),
(20, 272262, '3', '60', '82', '1', '1/13', '1/13', '82.00', '8.20', '60.0', '0', '0'),
(21, 267192, '17', '291', '377', '17', '3/20', '3/20', '22.17', '7.77', '17.1', '0', '0'),
(22, 311592, '20', '453', '508', '26', '3/11', '3/11', '19.53', '6.72', '17.4', '0', '0'),
(23, 325012, '1', '6', '13', '0', '-', '-', '-', '13.00', '-', '0', '0'),
(24, 8076, '21', '478', '589', '28', '3/13', '3/13', '21.03', '7.39', '17.0', '0', '0'),
(25, 459508, '3', '68', '119', '2', '1/28', '1/28', '59.50', '10.50', '34.0', '0', '0'),
(26, 230193, '-', '-', '-', '-', '-', '-', '-', '-', '-', '-', '-'),
(27, 219889, '-', '-', '-', '-', '-', '-', '-', '-', '-', '-', '-'),
(28, 8180, '49', '930', '1187', '48', '4/15', '4/15', '24.72', '7.65', '19.3', '1', '0'),
(29, 8291, '5', '42', '51', '1', '1/11', '1/11', '51.00', '7.28', '42.0', '0', '0'),
(30, 379504, '6', '114', '118', '5', '3/23', '3/23', '23.60', '6.21', '22.8', '0', '0'),
(31, 290632, '1', '22', '44', '1', '1/44', '1/44', '44.00', '12.00', '22.0', '0', '0'),
(32, 26421, '43', '960', '1107', '50', '4/8', '4/8', '22.14', '6.91', '19.2', '2', '0'),
(33, 27223, '2', '24', '22', '1', '1/14', '1/14', '22.00', '5.50', '24.0', '0', '0'),
(34, 625383, '19', '429', '454', '24', '3/11', '3/11', '18.91', '6.34', '17.8', '0', '0'),
(35, 430246, '3', '72', '89', '3', '1/19', '1/19', '29.66', '7.41', '24.0', '0', '0'),
(36, 290727, '1', '24', '42', '1', '1/42', '1/42', '42.00', '10.50', '24.0', '0', '0'),
(37, 28235, '-', '-', '-', '-', '-', '-', '-', '-', '-', '-', '-'),
(38, 28081, '-', '-', '-', '-', '-', '-', '-', '-', '-', '-', '-'),
(39, 29264, '27', '612', '633', '25', '4/12', '4/12', '25.32', '6.20', '24.4', '1', '0'),
(40, 234675, '37', '760', '892', '29', '3/48', '3/48', '30.75', '7.04', '26.2', '0', '0'),
(41, 290716, '-', '-', '-', '-', '-', '-', '-', '-', '-', '-', '-'),
(42, 253802, '12', '146', '198', '4', '1/13', '1/13', '49.50', '8.13', '36.5', '0', '0'),
(43, 277955, '2', '48', '55', '3', '2/23', '2/23', '18.33', '6.87', '16.0', '0', '0'),
(44, 326016, '14', '294', '302', '15', '3/9', '3/9', '20.13', '6.16', '19.6', '0', '0'),
(45, 398506, '-', '-', '-', '-', '-', '-', '-', '-', '-', '-', '-'),
(46, 530773, '1', '18', '16', '1', '1/16', '1/16', '16.00', '5.33', '18.0', '0', '0'),
(47, 31820, '23', '504', '646', '31', '3/19', '3/19', '20.83', '7.69', '16.2', '0', '0'),
(48, 290630, '-', '-', '-', '-', '-', '-', '-', '-', '-', '-', '-'),
(49, 625371, '16', '267', '360', '15', '3/8', '3/8', '24.00', '8.08', '17.8', '0', '0'),
(50, 554691, '7', '162', '161', '7', '3/17', '3/17', '23.00', '5.96', '23.1', '0', '0'),
(51, 277916, '-', '-', '-', '-', '-', '-', '-', '-', '-', '-', '-'),
(52, 422108, '-', '-', '-', '-', '-', '-', '-', '-', '-', '-', '-'),
(53, 33335, '21', '271', '326', '12', '2/6', '2/6', '27.16', '7.21', '22.5', '0', '0'),
(54, 33141, '-', '-', '-', '-', '-', '-', '-', '-', '-', '-', '-'),
(55, 537119, '8', '138', '185', '6', '2/28', '2/28', '30.83', '8.04', '23.0', '0', '0'),
(56, 34102, '9', '68', '113', '1', '1/22', '1/22', '113.00', '9.97', '68.0', '0', '0'),
(57, 537126, '2', '48', '41', '6', '4/10', '4/10', '6.83', '5.12', '8.0', '1', '0'),
(58, 390484, '1', '24', '43', '0', '-', '-', '-', '10.75', '-', '0', '0'),
(59, 35582, '-', '-', '-', '-', '-', '-', '-', '-', '-', '-', '-'),
(60, 36084, '31', '424', '499', '28', '3/17', '3/17', '17.82', '7.06', '15.1', '0', '0'),
(61, 8917, '15', '222', '305', '11', '2/22', '2/22', '27.72', '8.24', '20.1', '0', '0'),
(62, 297433, '-', '-', '-', '-', '-', '-', '-', '-', '-', '-', '-'),
(63, 9062, '-', '-', '-', '-', '-', '-', '-', '-', '-', '-', '-'),
(64, 297628, '-', '-', '-', '-', '-', '-', '-', '-', '-', '-', '-'),
(65, 10582, '21', '322', '387', '16', '4/10', '4/10', '24.18', '7.21', '20.1', '1', '0'),
(66, 9310, '34', '663', '887', '24', '3/10', '3/10', '36.95', '8.02', '27.6', '0', '0'),
(67, 10617, '55', '1173', '1491', '65', '4/24', '4/24', '22.93', '7.62', '18.0', '1', '0'),
(68, 308967, '-', '-', '-', '-', '-', '-', '-', '-', '-', '-', '-'),
(69, 10656, '-', '-', '-', '-', '-', '-', '-', '-', '-', '-', '-'),
(70, 211855, '1', '24', '27', '3', '3/27', '3/27', '9.00', '6.75', '8.0', '0', '0'),
(71, 12461, '33', '702', '1020', '39', '4/22', '4/22', '26.15', '8.71', '18.0', '1', '0'),
(72, 210283, '21', '480', '583', '27', '3/16', '3/16', '21.59', '7.28', '17.7', '0', '0'),
(73, 244639, '2', '48', '55', '3', '2/26', '2/26', '18.33', '6.87', '16.0', '0', '0'),
(74, 249866, '-', '-', '-', '-', '-', '-', '-', '-', '-', '-', '-'),
(75, 288992, '18', '384', '545', '21', '4/28', '4/28', '25.95', '8.51', '18.2', '1', '0'),
(76, 16406, '-', '-', '-', '-', '-', '-', '-', '-', '-', '-', '-'),
(77, 459257, '1', '24', '22', '0', '-', '-', '-', '5.50', '-', '0', '0'),
(78, 24598, '-', '-', '-', '-', '-', '-', '-', '-', '-', '-', '-'),
(79, 215058, '5', '96', '138', '3', '2/33', '2/33', '46.00', '8.62', '32.0', '0', '0'),
(80, 19264, '8', '192', '220', '11', '3/21', '3/21', '20.00', '6.87', '17.4', '0', '0'),
(81, 244497, '18', '360', '471', '14', '2/18', '2/18', '33.64', '7.85', '25.7', '0', '0'),
(82, 303669, '7', '66', '118', '6', '2/9', '2/9', '19.66', '10.72', '11.0', '0', '0'),
(83, 298438, '-', '-', '-', '-', '-', '-', '-', '-', '-', '-', '-'),
(84, 311158, '13', '244', '375', '8', '3/26', '3/26', '46.87', '9.22', '30.5', '0', '0'),
(85, 461632, '6', '103', '173', '5', '3/24', '3/24', '34.60', '10.07', '20.6', '0', '0'),
(86, 21646, '15', '317', '416', '7', '1/16', '1/16', '59.42', '7.87', '45.2', '0', '0'),
(87, 296597, '-', '-', '-', '-', '-', '-', '-', '-', '-', '-', '-'),
(88, 308251, '11', '224', '309', '18', '3/20', '3/20', '17.16', '8.27', '12.4', '0', '0'),
(89, 247235, '8', '162', '253', '7', '2/40', '2/40', '36.14', '9.37', '23.1', '0', '0'),
(90, 351588, '1', '18', '26', '3', '3/26', '3/26', '8.66', '8.66', '6.0', '0', '0'),
(91, 434429, '1', '12', '12', '1', '1/12', '1/12', '12.00', '6.00', '12.0', '0', '0'),
(92, 259410, '1', '6', '10', '0', '-', '-', '-', '10.00', '-', '0', '0'),
(93, 232491, '15', '265', '367', '10', '2/27', '2/27', '36.70', '8.30', '26.5', '0', '0'),
(94, 343305, '9', '156', '255', '5', '2/36', '2/36', '51.00', '9.80', '31.2', '0', '0'),
(95, 318788, '-', '-', '-', '-', '-', '-', '-', '-', '-', '-', '-'),
(96, 480603, '-', '-', '-', '-', '-', '-', '-', '-', '-', '-', '-'),
(97, 227758, '11', '216', '230', '10', '4/11', '4/11', '23.00', '6.38', '21.6', '1', '0'),
(98, 783423, '3', '72', '106', '2', '2/35', '2/35', '53.00', '8.83', '36.0', '0', '0'),
(99, 41046, '-', '-', '-', '-', '-', '-', '-', '-', '-', '-', '-'),
(100, 41140, '-', '-', '-', '-', '-', '-', '-', '-', '-', '-', '-'),
(101, 290948, '29', '642', '756', '34', '3/18', '3/18', '22.23', '7.06', '18.8', '0', '0'),
(102, 41434, '57', '1004', '1120', '46', '4/10', '4/10', '24.34', '6.69', '21.8', '1', '0'),
(103, 429981, '20', '417', '504', '15', '2/18', '2/18', '33.60', '7.25', '27.8', '0', '0'),
(104, 348148, '2', '36', '64', '0', '-', '-', '-', '10.66', '-', '0', '0'),
(105, 323389, '-', '-', '-', '-', '-', '-', '-', '-', '-', '-', '-'),
(106, 41324, '13', '276', '387', '21', '3/16', '3/16', '18.42', '8.41', '13.1', '0', '0'),
(107, 556916, '-', '-', '-', '-', '-', '-', '-', '-', '-', '-', '-'),
(108, 788879, '-', '-', '-', '-', '-', '-', '-', '-', '-', '-', '-'),
(109, 42439, '-', '-', '-', '-', '-', '-', '-', '-', '-', '-', '-'),
(110, 317248, '1', '6', '12', '0', '-', '-', '-', '12.00', '-', '0', '0'),
(111, 42699, '63', '1430', '1516', '85', '4/19', '4/19', '17.83', '6.36', '16.8', '4', '0'),
(112, 227760, '-', '-', '-', '-', '-', '-', '-', '-', '-', '-', '-'),
(113, 42639, '96', '2144', '2362', '97', '4/11', '4/11', '24.35', '6.61', '22.1', '3', '0'),
(114, 227762, '-', '-', '-', '-', '-', '-', '-', '-', '-', '-', '-'),
(115, 42657, '38', '468', '546', '25', '2/7', '2/7', '21.84', '7.00', '18.7', '0', '0'),
(116, 43266, '1', '6', '12', '0', '-', '-', '-', '12.00', '-', '0', '0'),
(117, 43265, '50', '1053', '1268', '47', '3/12', '3/12', '26.97', '7.22', '22.4', '0', '0'),
(118, 317273, '-', '-', '-', '-', '-', '-', '-', '-', '-', '-', '-'),
(119, 43524, '60', '1203', '1443', '85', '5/6', '5/6', '16.97', '7.19', '14.1', '4', '2'),
(120, 43590, '20', '387', '535', '20', '3/34', '3/34', '26.75', '8.29', '19.3', '0', '0'),
(121, 297583, '21', '436', '579', '26', '3/20', '3/20', '22.26', '7.96', '16.7', '0', '0'),
(122, 43906, '-', '-', '-', '-', '-', '-', '-', '-', '-', '-', '-'),
(123, 44410, '3', '30', '27', '3', '2/15', '2/15', '9.00', '5.40', '10.0', '0', '0'),
(124, 44752, '2', '12', '13', '1', '1/6', '1/6', '13.00', '6.50', '12.0', '0', '0'),
(125, 379143, '-', '-', '-', '-', '-', '-', '-', '-', '-', '-', '-'),
(126, 393279, '6', '140', '228', '7', '2/26', '2/26', '32.57', '9.77', '20.0', '0', '0'),
(127, 44936, '-', '-', '-', '-', '-', '-', '-', '-', '-', '-', '-'),
(128, 44932, '35', '391', '506', '17', '3/18', '3/18', '29.76', '7.76', '23.0', '0', '0'),
(129, 44828, '2', '8', '3', '0', '-', '-', '-', '2.25', '-', '0', '0'),
(130, 379927, '5', '100', '149', '5', '2/31', '2/31', '29.80', '8.94', '20.0', '0', '0'),
(131, 269280, '-', '-', '-', '-', '-', '-', '-', '-', '-', '-', '-'),
(132, 40618, '27', '612', '661', '43', '4/21', '4/21', '15.37', '6.48', '14.2', '2', '0'),
(133, 45949, '6', '122', '173', '9', '3/18', '3/18', '19.22', '8.50', '13.5', '0', '0'),
(134, 46149, '2', '36', '48', '4', '3/16', '3/16', '12.00', '8.00', '9.0', '0', '0'),
(135, 46148, '-', '-', '-', '-', '-', '-', '-', '-', '-', '-', '-'),
(136, 46393, '12', '263', '332', '17', '5/19', '5/19', '19.52', '7.57', '15.4', '0', '1'),
(137, 321777, '-', '-', '-', '-', '-', '-', '-', '-', '-', '-', '-'),
(138, 46248, '46', '647', '864', '26', '3/12', '3/12', '33.23', '8.01', '24.8', '0', '0'),
(139, 46538, '39', '832', '1022', '45', '4/17', '4/17', '22.71', '7.37', '18.4', '2', '0'),
(140, 439952, '11', '240', '353', '16', '4/27', '4/27', '22.06', '8.82', '15.0', '1', '0'),
(141, 46681, '4', '36', '83', '1', '1/25', '1/25', '83.00', '13.83', '36.0', '0', '0'),
(142, 265564, '34', '665', '891', '38', '4/13', '4/13', '23.44', '8.03', '17.5', '1', '0'),
(143, 46750, '19', '359', '451', '24', '3/28', '3/28', '18.79', '7.53', '14.9', '0', '0'),
(144, 46942, '11', '252', '321', '16', '3/25', '3/25', '20.06', '7.64', '15.7', '0', '0'),
(145, 550215, '16', '362', '498', '22', '3/30', '3/30', '22.63', '8.25', '16.4', '0', '0'),
(146, 318845, '-', '-', '-', '-', '-', '-', '-', '-', '-', '-', '-'),
(147, 47492, '42', '901', '1009', '58', '4/9', '4/9', '17.39', '6.71', '15.5', '2', '0'),
(148, 47666, '23', '468', '541', '18', '3/16', '3/16', '30.05', '6.93', '26.0', '0', '0'),
(149, 47711, '-', '-', '-', '-', '-', '-', '-', '-', '-', '-', '-'),
(150, 221140, '20', '392', '497', '24', '5/23', '5/23', '20.70', '7.60', '16.3', '0', '1'),
(151, 277662, '21', '360', '495', '14', '2/17', '2/17', '35.35', '8.25', '25.7', '0', '0'),
(152, 213674, '2', '24', '41', '0', '-', '-', '-', '10.25', '-', '0', '0'),
(153, 277912, '11', '246', '326', '15', '3/20', '3/20', '21.73', '7.95', '16.4', '0', '0'),
(154, 362541, '14', '262', '408', '17', '3/25', '3/25', '24.00', '9.34', '15.4', '0', '0'),
(155, 36581, '-', '-', '-', '-', '-', '-', '-', '-', '-', '-', '-'),
(156, 4493, '-', '-', '-', '-', '-', '-', '-', '-', '-', '-', '-'),
(157, 36948, '4', '72', '80', '2', '2/16', '2/16', '40.00', '6.66', '36.0', '0', '0'),
(158, 44956, '14', '180', '218', '14', '4/22', '4/22', '15.57', '7.26', '12.8', '1', '0'),
(159, 226492, '1', '6', '11', '0', '-', '-', '-', '11.00', '-', '0', '0'),
(160, 506612, '5', '108', '147', '6', '3/44', '3/44', '24.50', '8.16', '18.0', '0', '0'),
(161, 388802, '-', '-', '-', '-', '-', '-', '-', '-', '-', '-', '-'),
(162, 319439, '28', '590', '758', '30', '3/17', '3/17', '25.26', '7.70', '19.6', '0', '0'),
(163, 37737, '-', '-', '-', '-', '-', '-', '-', '-', '-', '-', '-'),
(164, 37749, '59', '1123', '1278', '58', '4/16', '4/16', '22.03', '6.82', '19.3', '2', '0'),
(165, 37740, '42', '897', '1228', '43', '3/26', '3/26', '28.55', '8.21', '20.8', '0', '0'),
(166, 450860, '18', '373', '458', '21', '4/37', '4/37', '21.80', '7.36', '17.7', '1', '0'),
(167, 232359, '2', '18', '30', '0', '-', '-', '-', '10.00', '-', '0', '0'),
(168, 355269, '12', '190', '242', '11', '3/16', '3/16', '22.00', '7.64', '17.2', '0', '0'),
(169, 539511, '-', '-', '-', '-', '-', '-', '-', '-', '-', '-', '-'),
(170, 38058, '13', '123', '167', '5', '2/20', '2/20', '33.40', '8.14', '24.6', '0', '0'),
(171, 7502, '-', '-', '-', '-', '-', '-', '-', '-', '-', '-', '-'),
(172, 38373, '5', '60', '68', '2', '1/2', '1/2', '34.00', '6.80', '30.0', '0', '0'),
(173, 502714, '10', '205', '216', '17', '4/11', '4/11', '12.70', '6.32', '12.0', '1', '0'),
(174, 559066, '10', '220', '246', '16', '3/18', '3/18', '15.37', '6.70', '13.7', '0', '0'),
(175, 232364, '37', '822', '1182', '46', '5/18', '5/18', '25.69', '8.62', '17.8', '0', '1'),
(176, 38699, '-', '-', '-', '-', '-', '-', '-', '-', '-', '-', '-'),
(177, 38710, '34', '787', '748', '38', '4/20', '4/20', '19.68', '5.70', '20.7', '1', '0'),
(178, 38924, '-', '-', '-', '-', '-', '-', '-', '-', '-', '-', '-'),
(179, 277906, '9', '76', '123', '3', '1/6', '1/6', '41.00', '9.71', '25.3', '0', '0'),
(180, 277911, '1', '12', '19', '1', '1/19', '1/19', '19.00', '9.50', '12.0', '0', '0'),
(181, 362079, '1', '6', '11', '0', '-', '-', '-', '11.00', '-', '0', '0'),
(182, 552152, '13', '271', '359', '10', '3/30', '3/30', '35.90', '7.94', '27.1', '0', '0'),
(183, 300628, '-', '-', '-', '-', '-', '-', '-', '-', '-', '-', '-'),
(184, 429754, '-', '-', '-', '-', '-', '-', '-', '-', '-', '-', '-'),
(185, 48472, '24', '246', '305', '7', '2/4', '2/4', '43.57', '7.43', '35.1', '0', '0'),
(186, 324358, '1', '12', '12', '0', '-', '-', '-', '6.00', '-', '0', '0'),
(187, 48835, '18', '378', '464', '18', '3/19', '3/19', '25.77', '7.36', '21.0', '0', '0'),
(188, 360456, '1', '17', '22', '0', '-', '-', '-', '7.76', '-', '0', '0'),
(189, 345821, '1', '6', '9', '0', '-', '-', '-', '9.00', '-', '0', '0'),
(190, 49178, '17', '365', '373', '18', '5/3', '5/3', '20.72', '6.13', '20.2', '0', '1'),
(191, 422965, '7', '101', '146', '3', '1/11', '1/11', '48.66', '8.67', '33.6', '0', '0'),
(192, 209457, '-', '-', '-', '-', '-', '-', '-', '-', '-', '-', '-'),
(193, 49535, '50', '1057', '1280', '56', '4/32', '4/32', '22.85', '7.26', '18.8', '1', '0'),
(194, 49619, '6', '130', '189', '6', '2/26', '2/26', '31.50', '8.72', '21.6', '0', '0'),
(195, 49638, '8', '162', '199', '7', '2/18', '2/18', '28.42', '7.37', '23.1', '0', '0'),
(196, 49758, '62', '1307', '1582', '78', '5/31', '5/31', '20.28', '7.26', '16.7', '1', '1'),
(197, 49764, '52', '895', '993', '36', '3/16', '3/16', '27.58', '6.65', '24.8', '0', '0'),
(198, 629074, '-', '-', '-', '-', '-', '-', '-', '-', '-', '-', '-'),
(199, 300631, '-', '-', '-', '-', '-', '-', '-', '-', '-', '-', '-'),
(200, 233514, '41', '638', '926', '34', '3/33', '3/33', '27.23', '8.70', '18.7', '0', '0'),
(201, 268740, '7', '96', '132', '3', '2/45', '2/45', '44.00', '8.25', '32.0', '0', '0'),
(202, 499594, '2', '48', '74', '3', '3/29', '3/29', '24.66', '9.25', '16.0', '0', '0'),
(203, 394871, '2', '39', '46', '1', '1/19', '1/19', '46.00', '7.07', '39.0', '0', '0'),
(204, 273439, '21', '438', '464', '24', '4/46', '4/46', '19.33', '6.35', '18.2', '1', '0'),
(205, 437316, '6', '54', '73', '4', '3/16', '3/16', '18.25', '8.11', '13.5', '0', '0'),
(206, 222354, '12', '132', '194', '8', '2/17', '2/17', '24.25', '8.81', '16.5', '0', '0'),
(207, 301236, '-', '-', '-', '-', '-', '-', '-', '-', '-', '-', '-'),
(208, 328026, '7', '150', '216', '5', '2/17', '2/17', '43.20', '8.64', '30.0', '0', '0'),
(209, 370040, '7', '144', '177', '4', '2/26', '2/26', '44.25', '7.37', '36.0', '0', '0'),
(210, 342616, '-', '-', '-', '-', '-', '-', '-', '-', '-', '-', '-'),
(211, 51433, '28', '654', '588', '40', '4/15', '4/15', '14.70', '5.39', '16.3', '1', '0'),
(212, 330408, '4', '36', '51', '1', '1/24', '1/24', '51.00', '8.50', '36.0', '0', '0'),
(213, 51248, '24', '504', '606', '18', '4/6', '4/6', '33.66', '7.21', '28.0', '1', '0'),
(214, 51436, '6', '120', '154', '6', '3/18', '3/18', '25.66', '7.70', '20.0', '0', '0'),
(215, 341593, '5', '100', '109', '6', '4/17', '4/17', '18.16', '6.54', '16.6', '1', '0'),
(216, 457249, '8', '144', '212', '5', '3/23', '3/23', '42.40', '8.83', '28.8', '0', '0'),
(217, 51439, '52', '958', '1348', '49', '4/28', '4/28', '27.51', '8.44', '19.5', '2', '0'),
(218, 277472, '-', '-', '-', '-', '-', '-', '-', '-', '-', '-', '-'),
(219, 333066, '-', '-', '-', '-', '-', '-', '-', '-', '-', '-', '-'),
(220, 495551, '6', '121', '183', '8', '3/28', '3/28', '22.87', '9.07', '15.1', '0', '0'),
(221, 51862, '-', '-', '-', '-', '-', '-', '-', '-', '-', '-', '-'),
(222, 446101, '2', '42', '56', '3', '3/44', '3/44', '18.66', '8.00', '14.0', '0', '0'),
(223, 51880, '23', '319', '377', '17', '2/15', '2/15', '22.17', '7.09', '18.7', '0', '0'),
(224, 391485, '4', '78', '121', '5', '2/34', '2/34', '24.20', '9.30', '15.6', '0', '0'),
(225, 431901, '-', '-', '-', '-', '-', '-', '-', '-', '-', '-', '-'),
(226, 52622, '9', '190', '224', '11', '2/20', '2/20', '20.36', '7.07', '17.2', '0', '0'),
(227, 230558, '33', '748', '710', '40', '4/12', '4/12', '17.75', '5.69', '18.7', '1', '0'),
(228, 315594, '4', '78', '102', '0', '-', '-', '-', '7.84', '-', '0', '0'),
(229, 230559, '32', '438', '598', '22', '3/30', '3/30', '27.18', '8.19', '19.9', '0', '0'),
(230, 252932, '-', '-', '-', '-', '-', '-', '-', '-', '-', '-', '-'),
(231, 52917, '-', '-', '-', '-', '-', '-', '-', '-', '-', '-', '-'),
(232, 52912, '23', '497', '705', '29', '3/16', '3/16', '24.31', '8.51', '17.1', '0', '0'),
(233, 276298, '34', '481', '727', '20', '2/10', '2/10', '36.35', '9.06', '24.0', '0', '0'),
(234, 53115, '57', '880', '1068', '44', '5/26', '5/26', '24.27', '7.28', '20.0', '1', '1'),
(235, 52983, '26', '434', '561', '19', '3/23', '3/23', '29.52', '7.75', '22.8', '0', '0'),
(236, 314622, '12', '245', '278', '18', '4/21', '4/21', '15.44', '6.80', '13.6', '1', '0'),
(237, 53116, '3', '36', '55', '6', '4/19', '4/19', '9.16', '9.16', '6.0', '1', '0'),
(238, 53118, '11', '142', '212', '7', '3/24', '3/24', '30.28', '8.95', '20.2', '0', '0'),
(239, 53191, '20', '408', '559', '24', '3/6', '3/6', '23.29', '8.22', '17.0', '0', '0'),
(240, 315586, '-', '-', '-', '-', '-', '-', '-', '-', '-', '-', '-'),
(241, 293831, '-', '-', '-', '-', '-', '-', '-', '-', '-', '-', '-'),
(242, 425639, '11', '240', '308', '11', '2/21', '2/21', '28.00', '7.70', '21.8', '0', '0'),
(243, 55354, '19', '287', '396', '13', '3/18', '3/18', '30.46', '8.27', '22.0', '0', '0'),
(244, 55343, '21', '276', '427', '16', '4/31', '4/31', '26.68', '9.28', '17.2', '1', '0'),
(245, 235519, '7', '168', '173', '10', '3/17', '3/17', '17.30', '6.17', '16.8', '0', '0'),
(246, 55329, '-', '-', '-', '-', '-', '-', '-', '-', '-', '-', '-'),
(247, 55346, '26', '534', '622', '33', '3/11', '3/11', '18.84', '6.98', '16.1', '0', '0'),
(248, 55412, '-', '-', '-', '-', '-', '-', '-', '-', '-', '-', '-'),
(249, 541224, '7', '128', '211', '7', '2/24', '2/24', '30.14', '9.89', '18.2', '0', '0'),
(250, 235521, '1', '12', '17', '0', '-', '-', '-', '8.50', '-', '0', '0'),
(251, 453289, '9', '187', '279', '8', '4/34', '4/34', '34.87', '8.95', '23.3', '1', '0'),
(252, 235524, '2', '18', '20', '1', '1/8', '1/8', '20.00', '6.66', '18.0', '0', '0'),
(253, 55608, '9', '72', '113', '2', '1/4', '1/4', '56.50', '9.41', '36.0', '0', '0'),
(254, 343529, '7', '117', '211', '4', '2/39', '2/39', '52.75', '10.82', '29.2', '0', '0'),
(255, 571703, '7', '150', '197', '8', '4/28', '4/28', '24.62', '7.88', '18.7', '1', '0'),
(256, 333000, '-', '-', '-', '-', '-', '-', '-', '-', '-', '-', '-'),
(257, 55633, '20', '426', '616', '16', '3/16', '3/16', '38.50', '8.67', '26.6', '0', '0'),
(258, 333001, '3', '60', '81', '2', '2/28', '2/28', '40.50', '8.10', '30.0', '0', '0'),
(259, 235516, '-', '-', '-', '-', '-', '-', '-', '-', '-', '-', '-'),
(260, 232444, '9', '180', '280', '6', '2/31', '2/31', '46.66', '9.33', '30.0', '0', '0'),
(261, 55705, '14', '303', '398', '20', '4/37', '4/37', '19.90', '7.88', '15.1', '1', '0'),
(262, 55787, '-', '-', '-', '-', '-', '-', '-', '-', '-', '-', '-'),
(263, 299572, '18', '210', '282', '9', '2/7', '2/7', '31.33', '8.05', '23.3', '0', '0'),
(264, 55814, '2', '30', '17', '1', '1/16', '1/16', '17.00', '3.40', '30.0', '0', '0'),
(265, 392945, '8', '172', '218', '10', '3/20', '3/20', '21.80', '7.60', '17.2', '0', '0'),
(266, 55820, '35', '749', '858', '26', '3/25', '3/25', '33.00', '6.87', '28.8', '0', '0'),
(267, 235514, '11', '238', '323', '4', '1/24', '1/24', '80.75', '8.14', '59.5', '0', '0'),
(268, 55872, '1', '6', '4', '0', '-', '-', '-', '4.00', '-', '0', '0'),
(269, 55870, '23', '444', '532', '17', '3/15', '3/15', '31.29', '7.18', '26.1', '0', '0'),
(270, 56283, '33', '730', '838', '44', '4/16', '4/16', '19.04', '6.88', '16.5', '1', '0'),
(271, 550137, '4', '66', '102', '3', '2/40', '2/40', '34.00', '9.27', '22.0', '0', '0'),
(272, 511532, '23', '476', '592', '39', '3/20', '3/20', '15.17', '7.46', '12.2', '0', '0'),
(273, 380354, '-', '-', '-', '-', '-', '-', '-', '-', '-', '-', '-'),
(274, 56268, '10', '186', '230', '12', '2/17', '2/17', '19.16', '7.41', '15.5', '0', '0'),
(275, 280734, '-', '-', '-', '-', '-', '-', '-', '-', '-', '-', '-'),
(276, 629066, '1', '12', '20', '2', '2/20', '2/20', '10.00', '10.00', '6.0', '0', '0'),
(277, 536936, '-', '-', '-', '-', '-', '-', '-', '-', '-', '-', '-'),
(278, 56025, '36', '523', '617', '21', '2/5', '2/5', '29.38', '7.07', '24.9', '0', '0'),
(279, 56007, '48', '1029', '1363', '38', '4/19', '4/19', '35.86', '7.94', '27.0', '1', '0'),
(280, 269237, '-', '-', '-', '-', '-', '-', '-', '-', '-', '-', '-'),
(281, 537154, '1', '18', '32', '1', '1/32', '1/32', '32.00', '10.66', '18.0', '0', '0'),
(282, 373696, '2', '18', '32', '0', '-', '-', '-', '10.66', '-', '0', '0'),
(283, 550133, '1', '12', '10', '0', '-', '-', '-', '5.00', '-', '0', '0'),
(284, 269332, '1', '12', '17', '0', '-', '-', '-', '8.50', '-', '0', '0'),
(285, 56029, '-', '-', '-', '-', '-', '-', '-', '-', '-', '-', '-'),
(286, 330902, '13', '308', '307', '22', '5/22', '5/22', '13.95', '5.98', '14.0', '0', '1'),
(287, 300618, '11', '179', '262', '7', '2/26', '2/26', '37.42', '8.78', '25.5', '0', '0'),
(288, 410765, '-', '-', '-', '-', '-', '-', '-', '-', '-', '-', '-'),
(289, 300617, '-', '-', '-', '-', '-', '-', '-', '-', '-', '-', '-'),
(290, 300619, '10', '200', '313', '7', '2/63', '2/63', '44.71', '9.39', '28.5', '0', '0'),
(291, 373538, '8', '67', '70', '6', '3/11', '3/11', '11.66', '6.26', '11.1', '0', '0'),
(292, 280737, '1', '21', '40', '0', '-', '-', '-', '11.42', '-', '0', '0'),
(293, 56154, '-', '-', '-', '-', '-', '-', '-', '-', '-', '-', '-'),
(294, 56143, '53', '1175', '1322', '65', '4/15', '4/15', '20.33', '6.75', '18.0', '3', '0'),
(295, 402992, '4', '66', '71', '2', '1/18', '1/18', '35.50', '6.45', '33.0', '0', '0'),
(296, 444135, '10', '210', '299', '4', '1/28', '1/28', '74.75', '8.54', '52.5', '0', '0'),
(297, 436677, '1', '6', '11', '0', '-', '-', '-', '11.00', '-', '0', '0'),
(298, 56194, '-', '-', '-', '-', '-', '-', '-', '-', '-', '-', '-'),
(299, 538506, '11', '228', '238', '9', '2/32', '2/32', '26.44', '6.26', '25.3', '0', '0');

-- --------------------------------------------------------

--
-- Table structure for table `country`
--

CREATE TABLE IF NOT EXISTS `country` (
  `idCountry` int(10) unsigned NOT NULL AUTO_INCREMENT,
  `name` varchar(100) DEFAULT NULL,
  PRIMARY KEY (`idCountry`)
) ENGINE=InnoDB  DEFAULT CHARSET=latin1 AUTO_INCREMENT=41 ;

--
-- Dumping data for table `country`
--

INSERT INTO `country` (`idCountry`, `name`) VALUES
(1, 'England'),
(2, 'Australia'),
(3, 'South Africa'),
(4, 'West Indies'),
(5, 'New Zealand'),
(6, 'India'),
(7, 'Pakistan'),
(8, 'Sri Lanka'),
(9, 'Zimbabwe'),
(11, 'USA'),
(15, 'Netherlands'),
(17, 'Canada'),
(25, 'Bangladesh'),
(26, 'Kenya'),
(29, 'Ireland'),
(30, 'Scotland'),
(40, 'Afghanistan');

-- --------------------------------------------------------

--
-- Table structure for table `player`
--

CREATE TABLE IF NOT EXISTS `player` (
  `idPlayer` int(10) unsigned NOT NULL AUTO_INCREMENT,
  `Country_idCountry` int(10) unsigned NOT NULL,
  `Name` varchar(100) DEFAULT NULL,
  `Matches` varchar(100) DEFAULT NULL,
  PRIMARY KEY (`idPlayer`),
  KEY `Player_FKIndex1` (`Country_idCountry`)
) ENGINE=InnoDB  DEFAULT CHARSET=latin1 AUTO_INCREMENT=788880 ;

--
-- Dumping data for table `player`
--

INSERT INTO `player` (`idPlayer`, `Country_idCountry`, `Name`, `Matches`) VALUES
(4493, 5, 'DG Brownlie', '5'),
(4508, 2, 'DE Bollinger', '9'),
(5334, 2, 'AJ Finch', '28'),
(6683, 2, 'SE Marsh', '15'),
(6973, 2, 'PM Nevill', '7'),
(7502, 5, 'L Ronchi', '29'),
(8076, 2, 'SW Tait', '21'),
(8180, 2, 'SR Watson', '58'),
(8291, 2, 'CL White', '47'),
(8917, 1, 'MM Ali', '18'),
(9062, 1, 'IR Bell', '8'),
(9310, 1, 'TT Bresnan', '34'),
(10582, 1, 'RS Bopara', '38'),
(10617, 1, 'SCJ Broad', '56'),
(10656, 1, 'MA Carberry', '1'),
(12461, 1, 'JW Dernbach', '34'),
(16406, 1, 'MJ Lumb', '27'),
(19264, 1, 'LE Plunkett', '8'),
(21646, 1, 'JC Tredwell', '17'),
(24598, 1, 'EJG Morgan', '63'),
(26421, 6, 'R Ashwin', '43'),
(27223, 6, 'STR Binny', '2'),
(28081, 6, 'MS Dhoni', '71'),
(28235, 6, 'S Dhawan', '22'),
(29264, 6, 'Harbhajan Singh', '28'),
(31820, 6, 'A Nehra', '23'),
(33141, 6, 'AT Rayudu', '6'),
(33335, 6, 'SK Raina', '62'),
(34102, 6, 'RG Sharma', '60'),
(35582, 6, 'RV Uthappa', '13'),
(36084, 6, 'Yuvraj Singh', '55'),
(36581, 5, 'NT Broom', '10'),
(36948, 5, 'AP Devcich', '4'),
(37737, 5, 'BB McCullum', '71'),
(37740, 5, 'KD Mills', '42'),
(37749, 5, 'NL McCullum', '63'),
(38058, 5, 'RJ Nicol', '21'),
(38373, 5, 'JD Ryder', '22'),
(38699, 5, 'LRPL Taylor', '73'),
(38710, 5, 'DL Vettori', '34'),
(38924, 5, 'BJ Watling', '5'),
(40618, 3, 'Imran Tahir', '27'),
(41046, 7, 'Khalid Latif', '9'),
(41140, 7, 'Khurram Manzoor', '3'),
(41324, 7, 'Mohammad Sami', '13'),
(41434, 7, 'Mohammad Hafeez', '77'),
(42439, 7, 'Rafatullah Mohmand', '3'),
(42639, 7, 'Shahid Afridi', '98'),
(42657, 7, 'Shoaib Malik', '78'),
(42699, 7, 'Saeed Ajmal', '64'),
(43265, 7, 'Sohail Tanvir', '50'),
(43266, 7, 'Sohaib Maqsood', '20'),
(43524, 7, 'Umar Gul', '60'),
(43590, 7, 'Wahab Riaz', '20'),
(43906, 3, 'HM Amla', '37'),
(44410, 3, 'F Behardien', '25'),
(44752, 3, 'H Davids', '9'),
(44828, 3, 'F du Plessis', '35'),
(44932, 3, 'JP Duminy', '70'),
(44936, 3, 'AB de Villiers', '71'),
(44956, 5, 'GD Elliott', '16'),
(45949, 3, 'RK Kleinveldt', '6'),
(46148, 3, 'RE Levi', '13'),
(46149, 3, 'E Leie', '2'),
(46248, 3, 'JA Morkel', '50'),
(46393, 3, 'R McLaren', '12'),
(46538, 3, 'M Morkel', '39'),
(46681, 3, 'JL Ontong', '14'),
(46750, 3, 'RJ Peterson', '21'),
(46942, 3, 'AM Phangiso', '11'),
(47492, 3, 'DW Steyn', '42'),
(47666, 3, 'LL Tsotsobe', '23'),
(47711, 3, 'MN van Wyk', '8'),
(48472, 8, 'TM Dilshan', '78'),
(48835, 8, 'CRD Fernando', '18'),
(49178, 8, 'HMRKB Herath', '17'),
(49535, 8, 'KMDN Kulasekara', '50'),
(49619, 8, 'RAS Lakmal', '6'),
(49638, 8, 'MF Maharoof', '8'),
(49758, 8, 'SL Malinga', '62'),
(49764, 8, 'AD Mathews', '66'),
(51248, 4, 'SJ Benn', '24'),
(51433, 4, 'S Badree', '28'),
(51436, 4, 'TL Best', '6'),
(51439, 4, 'DJ Bravo', '61'),
(51862, 4, 'ADS Fletcher', '27'),
(51880, 4, 'CH Gayle', '50'),
(52622, 4, 'NO Miller', '9'),
(52912, 4, 'R Rampaul', '23'),
(52917, 4, 'D Ramdin', '58'),
(52983, 4, 'MN Samuels', '46'),
(53115, 4, 'DJG Sammy', '66'),
(53116, 4, 'LMP Simmons', '36'),
(53118, 4, 'DR Smith', '33'),
(53191, 4, 'JE Taylor', '20'),
(55329, 9, 'CK Coventry', '13'),
(55343, 9, 'E Chigumbura', '47'),
(55346, 9, 'AG Cremer', '27'),
(55354, 9, 'CJ Chibhabha', '30'),
(55412, 9, 'CR Ervine', '16'),
(55608, 9, 'H Masakadza', '50'),
(55633, 9, 'CB Mpofu', '20'),
(55705, 9, 'T Panyangara', '14'),
(55787, 9, 'V Sibanda', '26'),
(55814, 9, 'BRM Taylor', '26'),
(55820, 9, 'P Utseya', '35'),
(55870, 9, 'SC Williams', '24'),
(55872, 9, 'MN Waller', '28'),
(56007, 25, 'Mashrafe Mortaza', '49'),
(56025, 25, 'Mahmudullah', '53'),
(56029, 25, 'Mushfiqur Rahim', '57'),
(56143, 25, 'Shakib Al Hasan', '54'),
(56154, 25, 'Shamsur Rahman', '9'),
(56194, 25, 'Tamim Iqbal', '52'),
(56268, 25, 'Arafat Sunny', '10'),
(56283, 25, 'Abdur Razzak', '34'),
(209457, 8, 'CK Kapugedera', '36'),
(210283, 1, 'ST Finn', '21'),
(211855, 1, 'LA Dawson', '1'),
(213674, 5, 'TD Astle', '2'),
(215058, 1, 'SD Parry', '5'),
(215155, 2, 'UT Khawaja', '7'),
(219889, 2, 'DA Warner', '61'),
(221140, 3, 'D Wiese', '20'),
(222354, 8, 'TAM Siriwardana', '17'),
(226492, 5, 'MJ Guptill', '61'),
(227758, 7, 'Imad Wasim', '11'),
(227760, 7, 'Sarfraz Ahmed', '21'),
(227762, 7, 'Sharjeel Khan', '11'),
(228622, 2, 'JW Hastings', '8'),
(230193, 2, 'MS Wade', '25'),
(230558, 4, 'SP Narine', '34'),
(230559, 4, 'KA Pollard', '45'),
(232359, 5, 'C Munro', '28'),
(232364, 5, 'TG Southee', '38'),
(232444, 9, 'T Muzarabani', '9'),
(232491, 7, 'Anwar Ali', '16'),
(233514, 8, 'NLTC Perera', '52'),
(234675, 6, 'RA Jadeja', '37'),
(235514, 9, 'BV Vitori', '11'),
(235516, 9, 'R Mutumbami', '14'),
(235519, 9, 'TS Chisoro', '7'),
(235521, 9, 'TP Kamungozi', '1'),
(235524, 9, 'T Maruma', '10'),
(244497, 1, 'AU Rashid', '19'),
(244639, 1, 'HF Gurney', '2'),
(247235, 1, 'CR Woakes', '8'),
(249866, 1, 'AD Hales', '44'),
(252932, 4, 'KOA Powell', '1'),
(253802, 6, 'V Kohli', '43'),
(259410, 7, 'Ahmed Shehzad', '44'),
(261354, 2, 'NM Coulter-Nile', '17'),
(265564, 3, 'WD Parnell', '35'),
(267192, 2, 'SPD Smith', '30'),
(268740, 8, 'S Prasanna', '7'),
(269237, 25, 'Mohammad Mithun', '12'),
(269280, 3, 'RR Hendricks', '5'),
(269332, 25, 'Muktar Ali', '1'),
(270484, 2, 'JP Faulkner', '19'),
(272262, 2, 'KW Richardson', '3'),
(272279, 2, 'NM Lyon', '1'),
(272450, 2, 'MR Marsh', '9'),
(273439, 8, 'SMSM Senanayake', '22'),
(276298, 4, 'AD Russell', '41'),
(277472, 4, 'DM Bravo', '12'),
(277662, 5, 'CJ Anderson', '25'),
(277906, 5, 'KS Williamson', '35'),
(277911, 5, 'GH Worker', '2'),
(277912, 5, 'TA Boult', '11'),
(277916, 6, 'AM Rahane', '18'),
(277955, 6, 'DS Kulkarni', '2'),
(280734, 25, 'Imrul Kayes', '8'),
(280737, 25, 'Saqlain Sajib', '1'),
(288284, 2, 'JR Hazlewood', '7'),
(288992, 1, 'CJ Jordan', '18'),
(290630, 6, 'MK Pandey', '6'),
(290632, 6, 'S Aravind', '1'),
(290716, 6, 'KM Jadhav', '5'),
(290727, 6, 'R Dhawan', '1'),
(290948, 7, 'Mohammad Amir', '29'),
(293831, 9, 'RW Chakabva', '5'),
(296597, 1, 'JM Vince', '5'),
(297433, 1, 'JM Bairstow', '20'),
(297583, 3, 'KJ Abbott', '21'),
(297628, 1, 'SW Billings', '7'),
(298438, 1, 'JJ Roy', '15'),
(299572, 9, 'Sikandar Raza', '26'),
(300617, 25, 'Rony Talukdar', '1'),
(300618, 25, 'Nasir Hossain', '31'),
(300619, 25, 'Rubel Hossain', '11'),
(300628, 8, 'LD Chandimal', '43'),
(300631, 8, 'MDKJ Perera', '23'),
(301236, 8, 'HDRL Thirimanne', '26'),
(303669, 1, 'JE Root', '20'),
(308251, 1, 'DJ Willey', '11'),
(308967, 1, 'JC Buttler', '49'),
(311158, 1, 'BA Stokes', '17'),
(311592, 2, 'MA Starc', '20'),
(314622, 4, 'K Santokie', '12'),
(315586, 4, 'CAK Walton', '2'),
(315594, 4, 'AR Nurse', '4'),
(317248, 7, 'Saad Nasim', '3'),
(317273, 7, 'Umar Akmal', '79'),
(318788, 7, 'Haris Sohail', '4'),
(318845, 3, 'RR Rossouw', '15'),
(319439, 5, 'MJ McClenaghan', '28'),
(321777, 3, 'DA Miller', '46'),
(323389, 7, 'Mohammad Rizwan', '9'),
(324358, 8, 'N Pradeep', '1'),
(325012, 2, 'MP Stoinis', '1'),
(325026, 2, 'GJ Maxwell', '34'),
(326016, 6, 'B Kumar', '14'),
(326625, 2, 'CJ Boyce', '7'),
(326637, 2, 'CA Lynn', '5'),
(328026, 8, 'I Udana', '7'),
(330408, 4, 'CD Barnwell', '6'),
(330902, 25, 'Mustafizur Rahman', '13'),
(333000, 9, 'PJ Moor', '8'),
(333001, 9, 'CT Mutombodzi', '5'),
(333066, 4, 'J Charles', '29'),
(341593, 4, 'D Bishoo', '5'),
(342616, 8, 'KDK Vithanage', '3'),
(343305, 7, 'Bilawal Bhatti', '9'),
(343529, 9, 'SW Masakadza', '7'),
(345821, 8, 'MD Gunathilaka', '5'),
(348148, 7, 'Mohammad Nawaz', '2'),
(351588, 1, 'MA Wood', '1'),
(355269, 5, 'JDS Neesham', '13'),
(360456, 8, 'DAS Gunaratne', '1'),
(362079, 8, 'KMC Bandara', '1'),
(362541, 5, 'DAJ Bracewell', '14'),
(370040, 8, 'JDF Vandersay', '7'),
(373538, 25, 'Sabbir Rahman', '26'),
(373696, 25, 'Mominul Haque', '6'),
(379143, 3, 'Q de Kock', '29'),
(379504, 2, 'A Zampa', '6'),
(379927, 3, 'BE Hendricks', '5'),
(380354, 25, 'Anamul Haque', '13'),
(388802, 5, 'TWM Latham', '12'),
(390484, 6, 'JD Unadkat', '1'),
(391485, 4, 'JO Holder', '4'),
(392945, 9, 'DT Tiripano', '8'),
(393279, 3, 'M de Lange', '6'),
(394871, 8, 'RLB Rambukwella', '2'),
(398506, 6, 'Mandeep Singh', '3'),
(402992, 25, 'Shuvagata Hom', '5'),
(410765, 25, 'Nurul Hasan', '6'),
(422108, 6, 'KL Rahul', '3'),
(422965, 8, 'DSNFG Jayasuriya', '11'),
(425639, 9, 'TL Chatara', '11'),
(429754, 8, 'N Dickwella', '3'),
(429981, 7, 'Mohammad Irfan', '20'),
(430246, 6, 'YS Chahal', '3'),
(431901, 4, 'E Lewis', '1'),
(434429, 7, 'Aamer Yamin', '1'),
(436677, 25, 'Soumya Sarkar', '19'),
(437316, 8, 'MD Shanaka', '11'),
(439952, 3, 'CH Morris', '11'),
(444135, 25, 'Sohag Gazi', '10'),
(446101, 4, 'ST Gabriel', '2'),
(446548, 2, 'SM Boland', '2'),
(450860, 5, 'AF Milne', '18'),
(453289, 9, 'N Madziva', '9'),
(457249, 4, 'CR Brathwaite', '8'),
(459257, 1, 'TS Mills', '1'),
(459508, 2, 'AJ Tye', '3'),
(461632, 1, 'RJW Topley', '6'),
(480603, 7, 'Iftikhar Ahmed', '1'),
(489889, 2, 'PJ Cummins', '15'),
(495551, 4, 'SS Cottrell', '6'),
(499594, 8, 'CAK Rajitha', '2'),
(501011, 2, 'CT Bancroft', '1'),
(502714, 5, 'MJ Santner', '10'),
(505120, 2, 'AC Agar', '2'),
(506612, 5, 'MJ Henry', '5'),
(511532, 25, 'Al-Amin Hossain', '25'),
(530011, 2, 'TM Head', '2'),
(530773, 6, 'P Negi', '1'),
(536936, 25, 'Liton Das', '3'),
(537119, 6, 'MM Sharma', '8'),
(537126, 6, 'BB Sran', '2'),
(537154, 25, 'Mohammad Shahid', '1'),
(538506, 25, 'Taskin Ahmed', '13'),
(539511, 5, 'HM Nicholls', '1'),
(541224, 9, 'LM Jongwe', '8'),
(550133, 25, 'Mosaddek Hossain', '1'),
(550137, 25, 'Abu Hider', '5'),
(550215, 3, 'K Rabada', '16'),
(552152, 8, 'PVD Chameera', '13'),
(554691, 6, 'AR Patel', '7'),
(556916, 7, 'Mukhtar Ahmed', '6'),
(559066, 5, 'IS Sodhi', '10'),
(571703, 9, 'WP Masakadza', '7'),
(625371, 6, 'HH Pandya', '16'),
(625383, 6, 'JJ Bumrah', '19'),
(629066, 25, 'Jubair Hossain', '1'),
(629074, 8, 'BKG Mendis', '1'),
(783423, 7, 'Imran Khan', '3'),
(788879, 7, 'Nauman Anwar', '1');

/*!40101 SET CHARACTER_SET_CLIENT=@OLD_CHARACTER_SET_CLIENT */;
/*!40101 SET CHARACTER_SET_RESULTS=@OLD_CHARACTER_SET_RESULTS */;
/*!40101 SET COLLATION_CONNECTION=@OLD_COLLATION_CONNECTION */;
